CreateTime,ppeID,BeaconID,Channel,RSSI_1,RSSI_2,RSSI_3,RSSI_4,RSSI_5,RSSI_6,RSSI_7,Azim_1,Azim_2,Azim_3,Azim_4,Azim_5,Azim_6,Azim_7,Elev_1,Elev_2,Elev_3,Elev_4,Elev_5,Elev_6,Elev_7,X_sylabs,Y_sylabs,Z_sylabs,X_real,Y_real,Z_real
1739971623.70862,ble-pd-B43A31EF7B45,32,10,-75.0,-66.0,-79.0,,,-48.0,-37.0,2.1112603689444494,-3.1342508510966627,1.716675769193949,,,2.417205047704498,2.773340288509443,0.49390209930942064,0.2821169766505002,0.5185975588082118,,,0.3789537379557923,0.6986827255346807,-5.992582321166992,1.342555284500122,-0.6983335614204407,-7.14,0.84,1.62
1739971624.712501,ble-pd-B43A31EF7B45,33,4,-80.0,-63.0,-75.0,,-47.0,-49.0,-37.0,2.1350344079955867,3.1316558669304895,1.68693198824329,,1.8091694607716071,2.5482816651092497,2.773340288509443,0.488582468321501,0.30911999865481776,0.5153683761179498,,0.45086471362648894,0.39970413030851576,0.6986827255346807,-5.933013439178467,1.3389085531234741,-0.808905303478241,-7.14,0.84,1.62
1739971625.710199,ble-pd-B43A31EF7B45,34,14,-72.0,-63.0,-76.0,,-47.0,,-38.0,2.16452465601047,-3.133122736058905,1.689755471630992,,1.951143415136321,,2.735053443990746,0.46815409196880303,0.26966857941189964,0.4715545159171571,,0.44358628511675463,,0.673786174549319,-5.8608856201171875,1.3261789083480835,-0.8635412454605103,-7.14,0.84,1.62
1739971626.709512,ble-pd-B43A31EF7B45,35,23,-75.0,-64.0,-80.0,,-46.0,-48.0,-39.0,2.0954358657471985,-3.12468957015106,1.7130613269624935,,1.8670833350608131,2.5517514544661077,2.8051113181107854,0.4830940594994976,0.26554803670478816,0.5971531543774153,,0.6025186066971019,0.3087975234240763,0.6698713625273126,-5.775472164154053,1.3350552320480347,-0.9597685933113098,-7.14,0.84,1.62
1739971627.710618,ble-pd-B43A31EF7B45,36,12,-72.0,-63.0,-79.0,-66.0,-47.0,-47.0,-37.0,2.1224605592248866,-3.1180130252982314,1.7106863199023608,2.3436882857133328,1.9965365248938733,2.489234513742728,2.713562864289825,0.4517418956979989,0.28734516134448923,0.6649230806898525,0.6879669475491174,0.34467985501165244,0.25268025516194503,0.669145517661204,-5.673644542694092,1.3501249551773071,-1.0361968278884888,-7.14,0.84,1.62
1739971628.708646,ble-pd-B43A31EF7B45,37,2,-76.0,-62.0,-81.0,-71.0,-46.0,-50.0,-38.0,2.1461206149813683,-3.1400847717805904,1.6787928353197898,2.040935871935381,1.9723637339311773,2.5781310792397876,2.7512964481357045,0.3937311564896707,0.33174132171762793,0.6417315415481427,0.6636700633969702,0.28643579606058694,0.2680787108489079,0.6943587341267776,-5.570051193237305,1.3625378608703613,-1.1283090114593506,-7.14,0.84,1.62
1739971629.711241,ble-pd-B43A31EF7B45,38,1,-74.0,-61.0,-81.0,-69.0,,-51.0,,2.14590543156529,3.1224780811818587,1.6406702169475236,1.849031679577579,,2.582939434026116,,0.35219140283321015,0.2447527266881476,0.6101268767857909,0.6617887398239108,,0.2385226159214112,,-5.511687278747559,1.3311505317687988,-1.0890973806381226,-7.14,0.84,1.62
1739971630.709011,ble-pd-B43A31EF7B45,39,25,-81.0,-63.0,-75.0,-75.0,,-47.0,-39.0,2.09091222031959,-3.112882978090412,1.6910124836655094,2.0011274725930943,,2.5651814167182785,2.8051113181107854,0.355403774319091,0.163552645446009,0.5531210481252905,0.5502484294154766,,0.23593659451310778,0.6698713625273126,-5.483733654022217,1.3015743494033813,-1.103607416152954,-7.14,0.84,1.62
1739971631.70966,ble-pd-B43A31EF7B45,40,6,-79.0,-63.0,-76.0,-67.0,,-50.0,,2.1265900568111635,-3.1090637387711295,1.646292150008681,1.811452346067689,,2.54968901758222,,0.3360504828089443,0.16746619395739407,0.5380916316714828,0.5495829387485793,,0.21880566124678835,,-5.4850077629089355,1.280571460723877,-1.09111213684082,-7.14,0.84,1.62
1739971632.709745,ble-pd-B43A31EF7B45,41,29,-81.0,-66.0,-81.0,-75.0,,,,2.0408810108169253,-3.1046625987536642,1.6949710063098031,2.2059858131252597,,,,0.32443969966744407,0.1679105090957602,0.505838453894183,0.42749148370687357,,,,,,,-7.14,0.84,1.62
1739971633.709256,ble-pd-B43A31EF7B45,42,10,-74.0,-65.0,-80.0,-65.0,-47.0,-48.0,-37.0,2.0839816098987676,-3.0887691196841804,1.6330610330809492,2.253722443032712,1.967671400047185,2.5219470265329567,2.773340288509443,0.3290311558343088,0.21697430868769668,0.5300304427888948,0.38258023468939995,0.18634015213134197,0.2732977255562743,0.6986827255346807,-5.51150131225586,1.2825627326965332,-0.703626036643982,-7.14,0.84,1.62
1739971634.707794,ble-pd-B43A31EF7B45,43,14,-72.0,-63.0,-76.0,-67.0,,,,2.115018089242551,-3.1045432891368288,1.662000006750186,2.4495547979983807,,,,0.25145500433500917,0.2614930743395199,0.6156754397589165,0.40645767096985963,,,,,,,-7.14,0.84,1.62
1739971635.706661,ble-pd-B43A31EF7B45,44,23,-75.0,-63.0,-81.0,-75.0,-46.0,-48.0,-39.0,2.0169349315593688,-3.087903326013796,1.6798559692269495,2.3393483984009396,1.9482525816007117,2.527299796473606,2.8051113181107854,0.300900784451047,0.18519841931200953,0.5347253294745954,0.47370305441609206,0.4694507935599908,0.24482559921158753,0.6698713625273126,-5.5694146156311035,1.301348328590393,-0.462350845336914,-7.14,0.84,1.62
1739971636.709311,ble-pd-B43A31EF7B45,45,34,-84.0,-70.0,-81.0,-74.0,,-49.0,,2.0079792534456504,-3.077820864442865,1.7798113291564575,2.361474473369536,,1.709380603910889,,0.2577967232597876,0.1904566810815597,0.3918700729408961,0.4056967059778831,,1.0062305618864569,,-5.61828851699829,1.3252968788146973,-0.28145429491996765,-7.14,0.84,1.62
1739971637.70851,ble-pd-B43A31EF7B45,46,32,-79.0,-69.0,-79.0,-75.0,-47.0,,,2.0094248172853453,-3.0667908501560834,1.8332412648422813,2.341939121509369,1.816651917030124,,,0.3740157083607869,0.17479404814431523,0.45538010664218337,0.363789136485369,0.5650756813560461,,,,,,-7.14,0.84,1.62
1739971638.709625,ble-pd-B43A31EF7B45,47,22,-73.0,-64.0,-80.0,-77.0,-47.0,-49.0,-39.0,1.9120937362940014,-3.1070871406100724,1.8081111441640756,2.34344753595079,1.7710715396636993,2.332118826772909,2.8351571003707265,0.3280407928039356,0.11436068954899084,0.4404476292520546,0.3811164614857515,0.6734597225123049,0.6881115980276213,0.640222257473007,-5.674833297729492,1.3444255590438843,-0.13240420818328857,-7.14,0.84,1.62
1739971639.710451,ble-pd-B43A31EF7B45,48,9,-75.0,-65.0,-79.0,-65.0,-45.0,-49.0,-37.0,2.0151090683160104,-3.1206636695311873,1.766683010246803,2.3442837685330744,1.966206053821826,2.4160374507462614,2.8004383401427737,0.39970515944693646,0.19551257589777743,0.4899731044637131,0.3014100474304975,0.3795336926816305,0.4825427477360347,0.6863324958635788,-5.737433433532715,1.3483718633651733,-0.06143088638782501,-7.14,0.84,1.62
1739971640.70784,ble-pd-B43A31EF7B45,49,0,-74.0,-61.0,-81.0,-68.0,-45.0,-51.0,,2.113602352807065,3.0971855076771577,1.7464376596400206,2.3390309495990023,2.034443935703327,2.5198507351272688,,0.37613072431950056,0.15492337101339337,0.4495927246983049,0.34331468744581256,0.2526802551532591,0.36231244310063865,,-5.803136825561523,1.3242353200912476,-0.010387454181909561,-7.14,0.84,1.62
1739971641.709567,ble-pd-B43A31EF7B45,50,35,-88.0,-70.0,-81.0,-73.0,-49.0,-50.0,-41.0,2.1152732200749806,-3.141177733091959,1.821770497395092,2.349602633862181,1.9798997850141797,1.5171074598855834,2.901209020145301,0.39359743251343515,0.1241230308345159,0.3863860250451776,0.29850337354824413,0.44268437066921645,0.9939003058723315,0.753375858047047,-5.866585731506348,1.308688759803772,0.12225300818681717,-7.14,0.84,1.62
1739971642.712466,ble-pd-B43A31EF7B45,51,5,-79.0,-63.0,-75.0,,-46.0,-50.0,-36.0,2.164359540022885,3.131840690310141,1.627170653381912,,1.8598269311864504,2.3134210655521996,2.8542800702861935,0.3716811813492234,0.1604048556165626,0.3833338094093515,,0.44292457116049244,0.7679754009836544,0.7470515039329293,-5.923247814178467,1.3051964044570923,0.164930522441864,-7.14,0.84,1.62
1739971643.709978,ble-pd-B43A31EF7B45,52,6,-78.0,-63.0,-76.0,,-45.0,-50.0,-37.0,2.219953560410507,3.126024346489408,1.5908691045630419,,1.8321421148105177,2.48392089957822,2.813035958423062,0.3912160338666862,0.1838957507095541,0.324638637800873,,0.3535054447474355,0.521833172349719,0.7231373413087907,-5.98528242111206,1.2858325242996216,0.2874528169631958,-7.14,0.84,1.62
1739971644.710029,ble-pd-B43A31EF7B45,53,21,-73.0,-63.0,-76.0,,-49.0,-50.0,,2.163637823367474,-3.11207018132572,1.6653768950124066,,1.8182913653743658,2.483787790378891,,0.4765384221601585,0.14876133223841123,0.37769183606099144,,0.545066121531463,0.3535054447658857,,-6.0440034866333,1.2760539054870605,0.35287922620773315,-7.14,0.84,1.62
1739971645.70726,ble-pd-B43A31EF7B45,54,10,-75.0,-63.0,-80.0,,-45.0,-48.0,-37.0,2.1925070222161507,3.097013467470739,1.628854836455278,,1.9327642012949076,2.455593980456505,2.785021524810176,0.4865311019128402,0.25328081764409704,0.3375095954806851,,0.30865653885532796,0.31735186190779513,0.7355410979125249,-6.088531970977783,1.239943027496338,0.3489162027835846,-7.14,0.84,1.62
1739971646.710262,ble-pd-B43A31EF7B45,55,27,-85.0,-63.0,-75.0,,-46.0,-46.0,-40.0,2.1733168160332577,-3.096549278492738,1.6821771804330625,,1.93543864581798,2.4864151437965343,2.8542800702861935,0.45680806032917026,0.20524311737541126,0.3423834465916391,,0.4562917050205156,0.2665347862578054,0.7470515039329293,-6.107972145080566,1.2229924201965332,0.33034229278564453,-7.14,0.84,1.62
1739971647.70775,ble-pd-B43A31EF7B45,56,24,-79.0,-63.0,-78.0,-74.0,,-48.0,-40.0,2.0245451806903794,-3.088829839757034,1.7126362864525169,2.5178813915576717,,2.5095803970571757,2.8447287769759866,0.5209462338630663,0.13814749512860378,0.3724231047394059,0.37699731693821237,,0.241847616376613,0.6935151359175413,-6.13583755493164,1.2178733348846436,0.3239781856536865,-7.14,0.84,1.62
1739971648.70789,ble-pd-B43A31EF7B45,57,27,-86.0,-64.0,-75.0,-77.0,-46.0,-46.0,-40.0,1.87601802353557,-3.054511547001946,1.728747878415278,2.274288970866958,1.8894026643376893,2.494376004303801,2.9086292993751015,0.5768414244804627,0.14132608608053263,0.3481921671137518,0.29287937653724205,0.5512124579567853,0.22488607283792675,0.719441929838175,-6.162198543548584,1.2267160415649414,0.32233676314353943,-7.14,0.84,1.62
1739971649.710645,ble-pd-B43A31EF7B45,58,8,-76.0,-65.0,-78.0,-66.0,,,,2.0445529773279265,-3.0774118028994284,1.6800562389409235,2.472653459397074,,,,0.4837264603898505,0.2227986919259704,0.4290529283435007,0.27045664206796766,,,,,,,-7.14,0.84,1.62
1739971650.708713,ble-pd-B43A31EF7B45,59,10,-75.0,-66.0,-79.0,-65.0,,,,2.0727164384877326,-3.126290396282307,1.616588316474373,2.526228803678416,,,,0.5003143920030863,0.28315234710329573,0.5467682770819883,0.26848989760294417,,,,,,,-7.14,0.84,1.62
1739971651.70985,ble-pd-B43A31EF7B45,60,35,-89.0,-71.0,-81.0,-74.0,-50.0,-50.0,-39.0,2.1637390234888967,-3.1115548596547895,1.7545112988007048,2.5567486297707243,1.8555192308050732,1.622490860776528,2.97253134547623,0.57626365168197,0.21482175880236967,0.5869702250543611,0.35759089536431854,0.6075180591043436,0.9764818487348963,0.7607715570804386,-6.189744472503662,1.2362174987792969,0.25635260343551636,-7.14,0.84,1.62
1739971652.709798,ble-pd-B43A31EF7B45,61,31,-79.0,-69.0,-81.0,-74.0,-47.0,-47.0,-42.0,2.0747697356881836,-3.1083641263527655,1.875284588971362,2.4460149242774474,1.757602690079621,0.8539932911223548,2.9914281442898254,0.51596595617705,0.1824960598196357,0.4269854165207313,0.30371844217386457,0.6402222574271471,0.7351595216078844,0.7971952470810988,-6.212409019470215,1.2761932611465454,0.30782151222229,-7.14,0.84,1.62
1739971653.710677,ble-pd-B43A31EF7B45,62,14,-73.0,-63.0,-77.0,-67.0,-46.0,-48.0,-38.0,2.164243958831576,3.131909932498483,1.7702612334874333,2.4107663893535944,1.9787671638263158,1.9704284945014872,2.8358202271305837,0.5314609930579444,0.1515629610604178,0.47842417323853004,0.2977922096686521,0.5155092784997362,0.818729276702984,0.7268496725566863,-6.23851490020752,1.2942358255386353,0.23727671802043915,-7.14,0.84,1.62
1739971654.71603,ble-pd-B43A31EF7B45,63,16,-73.0,-63.0,-75.0,-68.0,-47.0,-49.0,-38.0,2.0572605167853486,-3.1229369438376793,1.7709344806110054,2.413643135963098,2.035449440811053,2.2876936649627377,2.7667872210640403,0.3559787507984391,0.1547191232025411,0.5710158927539689,0.3398164256169117,0.3835049273977605,0.5497112655780257,0.6457806631925258,-6.274717330932617,1.3114851713180542,0.21051867306232452,-7.14,0.84,1.62
1739971655.709178,ble-pd-B43A31EF7B45,64,16,-73.0,-64.0,-75.0,-69.0,-45.0,-49.0,-38.0,2.0127905202709875,-3.1350207709678046,1.7043208322648533,2.4340663857306977,2.0492444658305833,2.3592525398844235,2.7296372159652944,0.2891471560065778,0.13932150808327318,0.6023396606003447,0.4366917065876886,0.33394427945834193,0.37458943569128267,0.6213327752602028,-6.308966636657715,1.3324644565582275,0.22841735184192657,-7.14,0.84,1.62
1739971656.709458,ble-pd-B43A31EF7B45,65,21,-74.0,-66.0,-76.0,-77.0,-49.0,-50.0,,1.9295736604248455,-3.1251966360226113,1.695226669774451,2.407177513468604,1.9432102282747612,2.4236807916505785,,0.2893175650268292,0.1373805962808234,0.5930201946817214,0.5197003072365863,0.5623531901965576,0.2954015193269419,,-6.351816654205322,1.3387248516082764,0.24968592822551727,-7.14,0.84,1.62
1739971657.709227,ble-pd-B43A31EF7B45,66,31,-79.0,-69.0,-81.0,-75.0,,,,1.8505880309186213,-3.1356604622616415,1.816696642886273,2.3392200340363978,,,,0.32475811386527664,0.13107964036548,0.5518221578826316,0.407112375834342,,,,-6.403582572937012,1.3583354949951172,0.276243507862091,-7.14,0.84,1.62
1739971658.710262,ble-pd-B43A31EF7B45,67,3,-79.0,-62.0,-78.0,,-47.0,,,1.963638686560267,3.1120853613439334,1.7360529292853655,,1.910757083427981,,,0.307220565586346,0.13627966213094148,0.5123105012648073,,0.4743639598514325,,,-6.4629950523376465,1.3392198085784912,0.296026200056076,-7.14,0.84,1.62
1739971659.709663,ble-pd-B43A31EF7B45,68,7,-77.0,-64.0,-77.0,,-45.0,,,2.045210778117176,3.12218513346195,1.6520616221942286,,1.946624995610849,,,0.2788270905321413,0.15877165543331473,0.45676914488774145,,0.2606080265736466,,,,,,-7.14,0.84,1.62
1739971660.708535,ble-pd-B43A31EF7B45,69,4,-80.0,-63.0,-75.0,,-47.0,-50.0,-37.0,2.1272776850046218,3.0634310061248398,1.6147661816565408,,1.881093094375931,2.5517514544661077,2.7618597395101068,0.34245292180657655,0.14958506460832954,0.4109271876483124,,0.360579881662641,0.3087975234240763,0.662006642193798,-6.513339519500732,1.28986918926239,0.2642963230609894,-7.14,0.84,1.62
1739971661.709251,ble-pd-B43A31EF7B45,70,21,-73.0,-65.0,-76.0,,-48.0,-50.0,-39.0,2.056163294416236,3.1254773332015056,1.6402957764982584,,1.837853880750488,2.5247053853233647,2.7968835396221294,0.3304368055471663,0.13351803065955656,0.41682871933441434,,0.5562201261889833,0.2590751733940922,0.6168906585122679,-6.548818588256836,1.2422864437103271,0.253210961818695,-7.14,0.84,1.62
1739971662.721499,ble-pd-B43A31EF7B45,71,5,-79.0,-63.0,-75.0,,-45.0,,,2.102247166551185,3.0901781982169414,1.6288772070084347,,1.8007364266032357,,,0.34114910471590104,0.15261237968796348,0.33786439511691085,,0.513619092464048,,,,,,-7.14,0.84,1.62
1739971663.710889,ble-pd-B43A31EF7B45,72,2,-76.0,-62.0,-81.0,-70.0,-47.0,-50.0,-38.0,2.1177552862109343,3.053597550115831,1.589364951179365,-1.1598744321792507,1.9064309223836156,2.598434713222973,2.783418704755755,0.40481120491543177,0.14417799871287124,0.36144232564327755,0.3617567118099614,0.3621811083277529,0.2559879865182337,0.6660526108337729,-6.5729594230651855,1.192188024520874,0.36107495427131653,-7.14,0.84,1.62
1739971664.710792,ble-pd-B43A31EF7B45,73,25,-81.0,-64.0,-76.0,-75.0,-45.0,-47.0,-39.0,2.0453572519771304,3.1226863403791025,1.6765051799434119,-2.1543276785126655,1.914079388663513,2.5651814167182785,2.826931561821651,0.440524761055126,0.1268528791427664,0.36268012962843277,0.4331080571563371,0.49408067928707755,0.23593659451310778,0.6734597225592042,-6.606060028076172,1.1460552215576172,0.3899296224117279,-7.14,0.84,1.62
1739971665.708237,ble-pd-B43A31EF7B45,74,0,-74.0,-62.0,-80.0,-68.0,-45.0,-54.0,-39.0,2.110302696216457,3.132304080339815,1.692108640770186,0.4101779405651322,2.0336779254374906,2.5673910720732493,2.8447287769759866,0.47188341631178177,0.09070422073760208,0.35384036560115995,0.2807384246017343,0.324582774772823,0.2212927158287457,0.6935151359175413,-6.62856388092041,1.1299382448196411,0.4222017228603363,-7.14,0.84,1.62
1739971666.708059,ble-pd-B43A31EF7B45,75,30,-78.0,-68.0,-82.0,-73.0,-47.0,-47.0,-42.0,2.0737662565894417,-3.134570696743581,2.010485288031415,2.061414515453654,1.9288628681533009,2.5143446453450657,2.9517416422195466,0.4564658441290951,0.10294271927041238,0.27112840780818337,0.18033600314898604,0.5280272988042949,0.21363345767176245,0.7414543622842623,-6.65109634399414,1.1089444160461426,0.4567830562591553,-7.14,0.84,1.62
1739971667.72502,ble-pd-B43A31EF7B45,76,12,,,,,,,-37.0,,,,,,,2.79699193602249,,,,,,,0.7725621326101365,,,,-7.14,0.84,1.62
1739971668.71003,ble-pd-B43A31EF7B45,77,34,-84.0,-72.0,-80.0,-75.0,-43.0,-49.0,-41.0,2.083581603103038,-3.1174998341561735,2.0781306449838635,2.134780875059811,1.8897112269403864,1.704207222215632,2.888588339353246,0.41425450782474377,0.11026602943872357,0.28445047168714127,0.1916955336863941,0.5919481814305055,0.9890041898462626,0.8041522450994941,-6.665154933929443,1.0937097072601318,0.45564913749694824,-7.14,0.84,1.62
1739971669.710304,ble-pd-B43A31EF7B45,78,31,-78.0,-70.0,-80.0,-74.0,-46.0,-47.0,-41.0,2.0132224849997984,-3.08845246983057,2.1047814306445045,2.186269366310967,1.828570769089431,0.8599039223632411,2.9914281442898254,0.5142221515847798,0.1505873785740945,0.24292400054661745,0.17395030877670764,0.6373081013547781,0.7688224935704134,0.7971952470810988,-6.667044639587402,1.0748960971832275,0.5244742035865784,-7.14,0.84,1.62
1739971670.708476,ble-pd-B43A31EF7B45,79,34,-84.0,-72.0,-81.0,-74.0,,,,1.8935032739885942,-3.075477282683595,2.0731196410767705,2.2466757187883624,,,,0.5009501551343154,0.16371696248526685,0.11841899751037853,0.2177269679460235,,,,,,,-7.14,0.84,1.62
1739971671.710519,ble-pd-B43A31EF7B45,80,13,-72.0,-64.0,-78.0,-67.0,,-47.0,-37.0,2.162682813800571,-3.085456946236449,2.0493908757641646,2.243772873200176,,1.9834298613796006,2.83103312837448,0.471070586257576,0.170243221828831,0.1977856504671873,0.19012262081232287,,0.833796020219472,0.7434808523013078,-6.659133434295654,1.0719443559646606,0.5878190994262695,-7.14,0.84,1.62
1739971672.709175,ble-pd-B43A31EF7B45,81,31,-79.0,-70.0,-81.0,-74.0,-48.0,-47.0,-41.0,1.9499803985936865,-3.0442021841061404,2.0322907184047656,2.2744514236934528,1.7447706088009935,1.0285657531193377,2.9212403003221303,0.48170771770454324,0.15947086837751495,0.20451304505207965,0.2253882499014226,0.6433537564439481,0.7917578800526247,0.7731610709353323,-6.63778257369995,1.093299388885498,0.675293207168579,-7.14,0.84,1.62
1739971673.710232,ble-pd-B43A31EF7B45,82,22,-74.0,-66.0,-81.0,-77.0,-47.0,-49.0,-39.0,1.7393882722345808,-3.04886244969767,1.9862377389384613,2.2816355670500506,1.7351675588897904,2.081151387971087,2.870928877787774,0.4364767894877192,0.13574351786923808,0.2819275593179683,0.2493620426790727,0.6997224452072168,0.8316943697718882,0.6799332996450265,-6.61943006515503,1.1421211957931519,0.7479678988456726,-7.14,0.84,1.62
1739971674.710582,ble-pd-B43A31EF7B45,83,4,-80.0,-63.0,-75.0,,-47.0,-49.0,-37.0,1.818577899880305,-3.135468714663156,1.9555954074360098,,1.7975251704193025,2.4733320700443477,2.8403815008620334,0.5173526641566543,0.15494575821130682,0.3182019438937196,,0.5532667799763041,0.6318367467050838,0.7101939358464769,-6.605745792388916,1.168840765953064,0.781659960746765,-7.14,0.84,1.62
1739971675.712218,ble-pd-B43A31EF7B45,84,35,-87.0,-73.0,-81.0,,-48.0,-50.0,,1.7312858709341237,-3.1079942132773537,2.0061256933269553,,1.8113779087488124,1.289462406648464,,0.5686998081329543,0.17220913405601387,0.3715574442270756,,0.6053224755237948,1.0049683579211868,,-6.60153865814209,1.21148955821991,0.8205929398536682,-7.14,0.84,1.62
1739971676.710668,ble-pd-B43A31EF7B45,85,30,-79.0,-69.0,-82.0,,-47.0,-47.0,-42.0,1.6826597452225849,-3.10198479027759,2.040471949273489,,1.7447706088009935,2.2367181586781557,2.9486483779987966,0.465013559253327,0.13799402214840956,0.24293734964158148,,0.6433537564439481,0.7796966554205368,0.7585889820252703,-6.5835089683532715,1.2335255146026611,0.8234997987747192,-7.14,0.84,1.62
1739971677.708402,ble-pd-B43A31EF7B45,86,25,-81.0,-63.0,-76.0,,-46.0,-47.0,-40.0,1.7141990293801752,-3.0698130053611057,1.9849519647641711,,1.8198759058620195,2.4466153820489236,2.8895147931057394,0.4538953610449506,0.12154513251121123,0.18046305257773965,,0.621332775221211,0.5089906100195455,0.699722445259044,-6.568060398101807,1.2634791135787964,0.846141755580902,-7.14,0.84,1.62
1739971678.710264,ble-pd-B43A31EF7B45,87,20,-74.0,-66.0,-74.0,,-50.0,-50.0,-39.0,1.7308001103512933,-3.0981040319371265,1.9435446035034012,,1.7904032544241353,2.4617793571050606,2.8565923432956346,0.4517785141629875,0.10364816567603914,0.17837521750690158,,0.6496925063293382,0.36253939608100844,0.6433537564911327,-6.5410308837890625,1.2938145399093628,0.8767433762550354,-7.14,0.84,1.62
1739971679.710322,ble-pd-B43A31EF7B45,88,12,-72.0,-63.0,-79.0,-66.0,-47.0,-47.0,-37.0,1.882810149579708,-3.1029539145982694,1.8797656238215295,2.3666703006562804,1.9725590757111242,2.4624976605420783,2.7618597395101068,0.45723739518640466,0.07885133960825687,0.24933654291163518,0.47377053226021193,0.37275961399065954,0.29026418647129004,0.662006642193798,-6.5242533683776855,1.319275140762329,0.908641815185547,-7.14,0.84,1.62
1739971680.708949,ble-pd-B43A31EF7B45,89,31,-79.0,-68.0,-80.0,-74.0,-47.0,-47.0,-41.0,1.66246605994095,-3.0982734089824553,1.9730178072873081,2.2607345461828907,1.8686177229718954,1.5458768665938099,2.881816811892183,0.3679180348604006,0.07220530459466643,0.35855868810445335,0.3400523483999791,0.541622662751813,0.9597136085082871,0.733492560746246,-6.505696773529053,1.3475021123886108,0.9249648451805115,-7.14,0.84,1.62
1739971681.710824,ble-pd-B43A31EF7B45,90,2,-76.0,-62.0,-81.0,,,,-38.0,1.8787504268139912,-3.1037150460378142,1.9162429412723447,,,,2.8358202271305837,0.4056354865623249,0.07276939540305882,0.3498218885428257,,,,0.7268496725566863,,,,-7.14,0.84,1.62
1739971682.711493,ble-pd-B43A31EF7B45,91,4,-81.0,-62.0,-74.0,,-47.0,-49.0,-37.0,2.0557696792071223,3.0698039506133994,1.7982728944651047,,1.845439175298308,2.345194713208714,2.813035958423062,0.38976108238414875,0.08929229595142613,0.33251533619894585,,0.40948228243886975,0.7662843205407311,0.7231373413087907,-6.4969940185546875,1.328162431716919,0.857620656490326,-7.14,0.84,1.62
1739971683.711168,ble-pd-B43A31EF7B45,92,15,-72.0,-64.0,-75.0,,-46.0,,,2.0170920580636835,-3.1035885458860353,1.6984182020248018,,1.9803248054116427,,,0.30133894102939235,0.14980151302592573,0.33974888119376456,,0.3910853247938209,,,-6.501051902770996,1.3181712627410889,0.7870713472366333,-7.14,0.84,1.62
1739971684.710432,ble-pd-B43A31EF7B45,93,32,-78.0,-69.0,-75.0,,,,-42.0,1.9763632702486655,-3.079017689036746,1.8479754698892537,,,,2.9453947313778546,0.30246386027384187,0.1297686743517533,0.4420539148635359,,,,0.7757129817976589,,,,-7.14,0.84,1.62
1739971685.708645,ble-pd-B43A31EF7B45,94,16,-73.0,-63.0,-73.0,,-45.0,-49.0,-38.0,1.9893041026175786,-3.1038250345908343,1.7299463009058138,,2.035449440811053,2.379850115700457,2.8225179182843827,0.26371345160885984,0.1422531823902596,0.47508460252108425,,0.3835049273977605,0.4689886876191574,0.6900442017982563,-6.518080234527588,1.3095512390136719,0.746905505657196,-7.14,0.84,1.62
1739971686.710593,ble-pd-B43A31EF7B45,95,11,-72.0,-64.0,-80.0,-66.0,,-46.0,-37.0,1.991802680352291,-3.110764699759363,1.623375116196331,2.1129434867533794,,2.466495022168164,2.7235126477677953,0.26345845393448475,0.125922969869138,0.4231332538724725,0.4545166099482388,,0.4083905928166095,0.7057685629229689,-6.52602195739746,1.3119884729385376,0.7112754583358765,-7.14,0.84,1.62
1739971687.709783,ble-pd-B43A31EF7B45,96,24,-77.0,-64.0,-76.0,-75.0,-45.0,-48.0,-40.0,1.9358720364028827,-3.0836947325431434,1.6449318073238683,2.337240772714251,1.973106193052675,2.5055948384399467,2.8051113181107854,0.2561353934375257,0.15826798509215345,0.32769554725812045,0.40149600212196024,0.5425683144970095,0.34394107475951957,0.6698713625273126,-6.53507137298584,1.317962646484375,0.6975067257881165,-7.14,0.84,1.62
1739971688.712208,ble-pd-B43A31EF7B45,97,10,-75.0,-66.0,-82.0,-66.0,-49.0,-48.0,-37.0,2.026553204152299,-3.114796725649743,1.6022898045817375,2.365206627321173,2.7807111405600256,2.4769311733468897,2.773340288509443,0.2151058015773835,0.17797609288328278,0.6946041441968402,0.3932426994562366,0.9999032806312476,0.30790528404012857,0.6986827255346807,-6.54755735397339,1.3362469673156738,0.7007420659065247,-7.14,0.84,1.62
1739971689.707681,ble-pd-B43A31EF7B45,98,9,-76.0,-65.0,-81.0,-67.0,,-49.0,-37.0,2.08815265279805,-3.104104400189184,1.5904909356882506,2.4256523945827015,,2.4769311733468897,2.7679369253285295,0.30902122866788945,0.2579770858446132,0.7240215547559099,0.4047060766314009,,0.30790528404012857,0.7149489922896295,-6.5548415184021,1.3339102268218994,0.5973840951919556,-7.14,0.84,1.62
1739971690.710606,ble-pd-B43A31EF7B45,99,3,-78.0,-62.0,-78.0,-74.0,-48.0,-50.0,-37.0,2.1822927341712606,3.135337420821415,1.5856152203645335,2.423079780969685,2.1974161271042862,2.5397625155484844,2.7679369253285295,0.2773813103106077,0.2459898815277871,0.511173631084966,0.443506502790606,0.6267548653511337,0.2765562991594316,0.7149489922896295,-6.557443618774414,1.3242220878601074,0.5258548259735107,-7.14,0.84,1.62
1739971691.710498,ble-pd-B43A31EF7B45,100,20,-73.0,-65.0,-71.0,-77.0,-48.0,-50.0,,2.1345023084097887,3.1206309126497795,1.6285043644558237,2.3732120895579514,1.9839377263715063,2.5095803970571757,,0.33076267659605113,0.21413261593604124,0.4755371068798024,0.5675544491271385,0.6887120976709293,0.241847616376613,,-6.5464701652526855,1.30682098865509,0.467946708202362,-7.14,0.84,1.62
1739971692.71041,ble-pd-B43A31EF7B45,101,25,-79.0,-63.0,-76.0,-75.0,-45.0,,,2.0462717814954634,-3.0846287031374344,1.6800732831718999,2.3192186289854666,1.9333210782328756,,,0.3218375915453549,0.17750396435628216,0.47239617469016293,0.48425523102428575,0.6726187699538382,,,,,,-7.14,0.84,1.62
1739971693.711522,ble-pd-B43A31EF7B45,102,28,-80.0,-66.0,-76.0,-77.0,-48.0,-47.0,-42.0,2.005173879553361,-3.0729784386327736,1.763693878239298,2.2856414939617475,1.8140660168570149,2.494376004303801,2.877675379308262,0.3290046573814625,0.17251697883327022,0.4305902713722625,0.26053320450362805,0.6986827254901654,0.22488607283792675,0.7503509984666232,-6.540436744689941,1.3058420419692993,0.4009188413619995,-7.14,0.84,1.62
1739971694.709223,ble-pd-B43A31EF7B45,103,8,-76.0,-66.0,-81.0,-67.0,,-50.0,,2.081059589550733,-3.098598580951554,1.73385049506387,2.3236799564435673,,2.4389683242814937,,0.36352425182544695,0.1980578088858366,0.39288110875923105,0.24347139666392642,,0.22921742783614846,,-6.530542373657227,1.3443167209625244,0.4619067311286926,-7.14,0.84,1.62
1739971695.709521,ble-pd-B43A31EF7B45,104,26,-80.0,-64.0,-75.0,-78.0,,,,1.9953526740853667,-3.067398317200731,1.7490523511982603,2.3082176431545673,,,,0.31348804889573845,0.17517701070906863,0.3686962105309217,0.2310056555887267,,,,,,,-7.14,0.84,1.62
1739971696.70915,ble-pd-B43A31EF7B45,105,29,-79.0,-67.0,-78.0,-75.0,,,-42.0,1.9456117491415206,-3.072809061587445,1.771055920756713,2.2230114019741363,,,2.9453947313778546,0.36050915399731376,0.13605247784520091,0.2757159025229266,0.20703637354017296,,,0.7757129817976589,,,,-7.14,0.84,1.62
1739971697.71311,ble-pd-B43A31EF7B45,106,36,-93.0,-72.0,-85.0,-72.0,-49.0,-49.0,-37.0,1.974930489582203,-3.089284441355111,1.8596379849349287,2.3075747560674222,1.819681593522527,1.6205967626447966,2.9666443378503957,0.3608710775894555,0.15061725591257383,0.17626997202043715,0.23019790218534886,0.678199992798353,0.9590616391117669,0.7951632981136398,-6.51717710494995,1.367973804473877,0.524593949317932,-7.14,0.84,1.62
1739971698.711093,ble-pd-B43A31EF7B45,107,23,-74.0,-64.0,-78.0,-75.0,-45.0,-48.0,-39.0,1.9104553595913847,-3.0807396889975918,1.870879187896153,2.258417596034522,1.8076199082909614,2.3106142305368893,2.9086292993751015,0.35121185889476536,0.12132118563067079,0.28144050044410646,0.25595110269009225,0.7191691803314616,0.7119225080717427,0.719441929838175,-6.494967460632324,1.386606216430664,0.556455969810486,-7.14,0.84,1.62
1739971699.711985,ble-pd-B43A31EF7B45,108,1,-74.0,-61.0,-82.0,-68.0,-46.0,-51.0,-39.0,1.971569580286523,-3.118854051570479,1.8628955635803135,2.241319569203995,2.015834115598033,2.4827014473888114,2.8630075414707794,0.29526956361558815,0.15773089207931176,0.1845740079049268,0.286937531250139,0.4065131995326151,0.47436395987231705,0.7135323484580715,-6.47974395751953,1.3942155838012695,0.5824031233787537,-7.14,0.84,1.62
1739971700.713065,ble-pd-B43A31EF7B45,109,17,-72.0,-64.0,-72.0,-71.0,-46.0,-50.0,-38.0,1.957721142618111,3.133175466648489,1.8397921084916582,2.287873222955234,2.008971352197372,2.434073831868953,2.7881169260089846,0.2918934743016947,0.1871385821004027,0.2598454431521151,0.3768023402569049,0.41397280130351,0.326270848992401,0.649692506372914,-6.462470054626465,1.3812899589538574,0.5682127475738525,-7.14,0.84,1.62
1739971701.711695,ble-pd-B43A31EF7B45,110,36,-92.0,-72.0,-83.0,-72.0,,-49.0,-41.0,1.9535378491778144,-3.102699316398058,1.9296535552575478,2.3465453249307697,,1.5707963266205522,2.9050109391193804,0.3322507178551328,0.20371611074063026,0.11966042173014056,0.34537008188562207,,0.9599310885968813,0.7364164821671345,-6.434015274047852,1.3744341135025024,0.5364619493484497,-7.14,0.84,1.62
1739971702.709638,ble-pd-B43A31EF7B45,111,8,-76.0,-65.0,-81.0,-67.0,-45.0,-50.0,-37.0,2.072806985964795,-3.12418490112449,1.9106279324300217,2.346680080881928,2.829179690915549,2.2381838789301596,2.8358202271305837,0.3125320073539137,0.2944609280400992,0.15353621362535516,0.4162984839613796,0.901022870730388,0.669968055374266,0.7268496725566863,-6.411293983459473,1.364579439163208,0.6229476928710938,-7.14,0.84,1.62
1739971703.710654,ble-pd-B43A31EF7B45,112,18,-73.0,-64.0,-73.0,-74.0,-46.0,,,2.0769865509795653,-3.070107550977668,1.929056474541152,2.368169660349995,2.3256230926741073,,,0.3361510504296084,0.28787606250779657,0.19046864866170823,0.5424188356791845,0.7560944596351415,,,-6.392489433288574,1.3784135580062866,0.6703820824623108,-7.14,0.84,1.62
1739971704.737763,ble-pd-B43A31EF7B45,113,11,-72.0,-63.0,-78.0,-66.0,,,-37.0,2.095694725005154,-3.071382406191489,1.8674026974091638,2.4633691472048396,,,2.745637071640098,0.323185417373044,0.30125488500748676,0.21860988907116882,0.5509424491955511,,,0.71048074627872,,,,-7.14,0.84,1.62
1739971705.709751,ble-pd-B43A31EF7B45,114,21,-73.0,-64.0,-75.0,-75.0,-47.0,-50.0,-39.0,2.0581627957626676,-3.0826835302772406,1.8366234794266818,2.2708774615105662,2.004079378902633,2.367942354276732,2.783418704755755,0.3524001613731587,0.25460637278717035,0.30653486818467784,0.6636183314927955,0.8046055484474056,0.4495657862829815,0.6660526108337729,-6.3914155960083,1.4058003425598145,0.695548951625824,-7.14,0.84,1.62
1739971706.71074,ble-pd-B43A31EF7B45,115,34,-84.0,-71.0,-81.0,-73.0,-44.0,-48.0,-41.0,2.0345650579756933,-3.0805263697942764,1.866104140061641,2.36839656167487,1.9261442118623868,1.4933602307364495,2.881816811892183,0.32308834515131063,0.22724687002618887,0.21330555461476033,0.519543779943517,0.7363142909282804,0.9753556324141267,0.733492560746246,-6.395821571350098,1.4182121753692627,0.6910805702209473,-7.14,0.84,1.62
1739971707.711376,ble-pd-B43A31EF7B45,116,17,-72.0,-64.0,-73.0,-71.0,,,,1.9865232298073179,-3.0971769855616698,1.788297758286104,2.3819728242798757,,,,0.2680316840926392,0.24950147580689516,0.2794815124357578,0.6239342351943884,,,,,,,-7.14,0.84,1.62
1739971708.711037,ble-pd-B43A31EF7B45,117,18,-72.0,-64.0,-71.0,-75.0,-44.0,-50.0,-38.0,2.027761746654977,3.1330753317915017,1.7602568025364418,2.413749662406701,1.9938182419013046,2.257106736354532,2.8351571003707265,0.2512943657870069,0.2220472310901341,0.3801187747623806,0.6615507198014852,0.6180955335762699,0.7355702447733604,0.640222257473007,-6.403918743133545,1.4121737480163574,0.6432197093963623,-7.14,0.84,1.62
1739971709.709442,ble-pd-B43A31EF7B45,118,25,-80.0,-63.0,-74.0,-76.0,-45.0,-47.0,-40.0,1.9492815851236498,-3.0993908713758525,1.7591681022828174,2.4291352766563072,1.9348781877641035,2.4527317619229123,2.8351571003707265,0.24073633022441504,0.16803038463432735,0.3019514680801106,0.6375385275698675,0.6306402159833425,0.49555097113133656,0.640222257473007,-6.4172749519348145,1.40572988986969,0.13582392036914825,-7.14,0.84,1.62
1739971710.709036,ble-pd-B43A31EF7B45,119,10,-74.0,-65.0,-76.0,-65.0,-47.0,-48.0,-37.0,2.0021442674972865,-3.1018132827033886,1.729782250182665,2.4617073346846303,2.017241052138208,2.4748881446370397,2.7955403459758124,0.2710847819005765,0.23708425419780532,0.17485335341283992,0.6325915061079636,0.3475821416316091,0.44115693144888446,0.7027656857816623,-6.432016372680664,1.39741051197052,-0.39509493112564087,-7.14,0.84,1.62
1739971711.712592,ble-pd-B43A31EF7B45,120,33,-80.0,-70.0,-78.0,-74.0,,-48.0,-41.0,1.908587951035021,-3.1129751234641287,1.7877683218613962,2.392600434925946,,1.4903798170525633,2.901209020145301,0.23276194374860673,0.24061825231958367,0.19570021224133033,0.42031196759266987,,0.9927307584551981,0.753375858047047,-6.4571051597595215,1.3973262310028076,-0.4283813238143921,-7.14,0.84,1.62
1739971712.709504,ble-pd-B43A31EF7B45,121,20,-73.0,-65.0,-73.0,-77.0,-49.0,-51.0,-39.0,1.8899186591613475,-3.1150790207252914,1.7830976699416152,2.404628868305398,1.9602487415756078,2.25101130357299,2.8528243923598433,0.24379523705248005,0.16608098400590302,0.250300057949269,0.5379315756899691,0.5290628587999602,0.71353234843631,0.6600937996163336,-6.492228984832764,1.4081382751464844,-0.4412570893764496,-7.14,0.84,1.62
1739971713.711832,ble-pd-B43A31EF7B45,122,3,-77.0,-62.0,-80.0,,-47.0,-50.0,-37.0,1.977048235281034,3.1321922275740315,1.7792456737409246,,1.8949422570826047,2.495709490746506,2.8488730176519277,0.266116005741518,0.14272313045411775,0.28412713064129197,,0.4411569314289286,0.494080679308986,0.6768146602621665,-6.545472621917725,1.4001262187957764,-0.506399393081665,-7.14,0.84,1.62
1739971714.711678,ble-pd-B43A31EF7B45,123,10,-74.0,-65.0,-79.0,,,,,2.121567334995274,3.130153844075685,1.778816372173204,,,,,0.2572535549107091,0.17182768616413047,0.4274959777912131,,,,,-6.602811336517334,1.389512062072754,-0.5469722747802734,-7.14,0.84,1.62
1739971715.709322,ble-pd-B43A31EF7B45,124,34,-81.0,-70.0,-79.0,,,-49.0,,2.1129109961880803,-3.141379068070369,1.839656287276064,,,1.4552194491621868,,0.25454923133703133,0.1659994579870329,0.5005574387420696,,,1.0257037318757412,,-6.66800832748413,1.3657217025756836,-0.5915576219558716,-7.14,0.84,1.62
1739971716.710483,ble-pd-B43A31EF7B45,125,17,-73.0,-64.0,-74.0,,-46.0,,-38.0,2.0483197523737346,3.1146015159418403,1.8211441219067053,,1.9787689425988801,,2.7926019650980978,0.2876646740962715,0.10917806987677735,0.6106912671998059,,0.3658846313402973,,0.633304662021055,-6.73900318145752,1.329371452331543,-0.6344109177589417,-7.14,0.84,1.62
1739971717.710727,ble-pd-B43A31EF7B45,126,2,-76.0,-62.0,-81.0,,-46.0,,-38.0,2.150879151217122,3.106161425815161,1.8064258958262733,,1.9900193975050877,,2.783418704755755,0.2736661839451903,0.13368432842487518,0.4101956172968676,,0.2219159189111246,,0.6660526108337729,-6.8082275390625,1.2835923433303833,-0.646453082561493,-7.14,0.84,1.62
1739971718.709805,ble-pd-B43A31EF7B45,127,33,-80.0,-70.0,-80.0,-74.0,,-48.0,,2.132501209166703,3.1223422599662642,1.9390923307930066,2.3856293444565546,,0.821301515404077,,0.2538442260174601,0.1781533928328548,0.2585431240895527,0.46442596604831465,,0.790384570764842,,-6.87886095046997,1.2522547245025635,-0.632231891155243,-7.14,0.84,1.62
1739971719.711674,ble-pd-B43A31EF7B45,128,28,,-65.0,-78.0,-75.0,,,,,-3.0933441641208277,1.9576742709829256,2.3731215420808884,,,,,0.15294537469276429,0.25188961558015327,0.4512209480992658,,,,,,,-7.14,0.84,1.62
1739971720.709163,ble-pd-B43A31EF7B45,129,5,-78.0,-63.0,-75.0,,-46.0,-49.0,-36.0,2.206204192334646,-3.1291956387154745,1.941490241038514,,1.8892997581578588,2.0882737489068814,2.8004383401427737,0.31816778885273933,0.1691545215752066,0.2664729691961295,,0.3034729343620415,0.9364744980889768,0.6863324958635788,-6.937536716461182,1.230092167854309,-0.16840532422065735,-7.14,0.84,1.62
1739971721.711065,ble-pd-B43A31EF7B45,130,23,-75.0,-64.0,-80.0,,-46.0,,,2.0112703879207703,-3.086197837651709,1.9188150222531433,,1.8868435165877417,,,0.38900887253425587,0.1112638576425274,0.3049266184918926,,0.5110359832952788,,,,,,-7.14,0.84,1.62
1739971722.711663,ble-pd-B43A31EF7B45,131,35,-89.0,-71.0,-81.0,,-50.0,-50.0,-41.0,2.0095585079720673,-3.086903309024471,1.98955337449561,,1.825510509948345,0.9757264472562455,2.901209020145301,0.39333018429804567,0.12454602403940455,0.31255337922166154,,0.5808620509954232,0.8995728122041183,0.753375858047047,-6.989374160766602,1.2184367179870605,0.3233032524585724,-7.14,0.84,1.62
1739971723.710672,ble-pd-B43A31EF7B45,132,9,-75.0,-66.0,-80.0,,-45.0,-49.0,-37.0,2.2015117024939266,-3.056254585935403,1.9233961919602975,,1.9760964619451045,2.081151387971087,2.83103312837448,0.3937526615154731,0.1971361554115874,0.36670812748766396,,0.3411439131682981,0.8316943697718882,0.7434808523013078,-7.03100824356079,1.218521237373352,0.289099395275116,-7.14,0.84,1.62
1739971724.712177,ble-pd-B43A31EF7B45,133,2,-76.0,-61.0,-81.0,,-46.0,-50.0,-38.0,2.226331831221247,3.050100819604557,1.9458194757065468,,1.9900193975050877,2.4573461773085006,2.8358202271305837,0.36569342982283015,0.15548531464815693,0.3503538549705691,,0.2219159189111246,0.5765260527580284,0.7268496725566863,-7.067743301391602,1.2096900939941406,0.23217889666557312,-7.14,0.84,1.62
1739971725.709816,ble-pd-B43A31EF7B45,134,27,-84.0,-64.0,-75.0,-77.0,-46.0,-46.0,-40.0,2.1620660256921087,-3.0730532734594047,1.925325385853951,2.2815562048495663,1.9807183463787963,2.489236962221655,2.881816811892183,0.4032371768426541,0.13178644331878703,0.2826038357872803,0.34256494101992796,0.416700695370593,0.3997733402189933,0.733492560746246,-7.092066764831543,1.21877658367157,0.23126371204853058,-7.14,0.84,1.62
1739971726.710634,ble-pd-B43A31EF7B45,135,16,-73.0,-64.0,-75.0,-68.0,,-49.0,-38.0,2.063029456338678,-3.111177489728325,1.8716605593599824,2.2476211409753404,,2.444770681073202,2.8051113181107854,0.31750333016076454,0.1433398852730665,0.35631840370596507,0.4342011849152737,,0.2862927285204666,0.6698713625273126,-7.11283826828003,1.2324929237365723,0.24656151235103607,-7.14,0.84,1.62
1739971727.710802,ble-pd-B43A31EF7B45,136,19,-74.0,-65.0,-73.0,-78.0,,,,2.0024308236305792,-3.1102150233103707,1.8279479658596398,2.238264390801456,,,,0.30694000156550616,0.12010116656817027,0.4281668613593177,0.561862474929312,,,,,,,-7.14,0.84,1.62
1739971728.712023,ble-pd-B43A31EF7B45,137,1,-74.0,-62.0,-79.0,-68.0,-46.0,-50.0,-39.0,2.080525359436063,-3.139069308456943,1.808367340260941,2.207043088078021,2.0464018923442238,2.5247053853233647,2.8225179182843827,0.3387991646595287,0.16002954963994317,0.39201464929857377,0.5862570970934652,0.26847794773501665,0.2590751733940922,0.6900442017982563,-7.1300530433654785,1.2398126125335693,0.1785050481557846,-7.14,0.84,1.62
1739971729.709853,ble-pd-B43A31EF7B45,138,34,-85.0,-71.0,-81.0,-75.0,-47.0,-49.0,-41.0,2.0545456903701216,-3.127069370901155,2.002532023752002,2.256110765898295,1.9696099016243886,1.6778015893698535,2.9212403003221303,0.34777764609008094,0.15073703158260013,0.31685198753715843,0.526149884185513,0.47583237063796574,0.9910974023240153,0.7731610709353323,-7.126928806304932,1.2547374963760376,0.13449330627918243,-7.14,0.84,1.62
1739971730.709927,ble-pd-B43A31EF7B45,139,23,-75.0,-64.0,-81.0,-75.0,-46.0,-48.0,-39.0,1.9988254361468298,-3.131535758365327,1.8660183862745405,2.2489319488638775,1.8889746029206003,2.34048704459659,2.8670636365260074,0.34543000301014887,0.17468980203239542,0.2818191686616021,0.5362387373430602,0.6124975518133742,0.7099151806375186,0.696742193544282,-7.11593198776245,1.274079442024231,-0.19035132229328156,-7.14,0.84,1.62
1739971731.712394,ble-pd-B43A31EF7B45,140,13,-72.0,-64.0,-79.0,-67.0,-46.0,-47.0,-37.0,2.033725096967882,-3.100610332839,1.7489799132166102,2.2347836392567224,1.9947592976643502,2.391603445410223,2.778496883748558,0.3504100476695698,0.1599784668812841,0.43841836708044146,0.5710672917630074,0.4285598380358427,0.44358628513222464,0.6823832863064956,-7.0916748046875,1.298722743988037,-0.398811399936676,-7.14,0.84,1.62
1739971732.712022,ble-pd-B43A31EF7B45,141,26,-87.0,-63.0,-75.0,-76.0,-46.0,-46.0,-40.0,1.9960163338290144,-3.0850180572888037,1.79958956130804,2.299132535411871,1.969598574365545,2.4697242596298805,2.8447287769759866,0.3476631967422348,0.15710037204647861,0.3930579759451259,0.46605325734289393,0.5223605312936482,0.335304636544862,0.6935151359175413,-7.0692720413208,1.315132975578308,-0.5638484954833984,-7.14,0.84,1.62
1739971733.711319,ble-pd-B43A31EF7B45,142,1,-74.0,-62.0,-79.0,-68.0,,-51.0,-39.0,2.0287503120516144,-3.1032926686889275,1.7791066567320226,2.2956129017152223,,2.5219470265329567,2.8403815008620334,0.34093515301182675,0.12646718683789568,0.3487574230551211,0.5656629389629096,,0.2732977255562743,0.7101939358464769,-7.048182487487793,1.320502758026123,-0.585776925086975,-7.14,0.84,1.62
1739971734.711567,ble-pd-B43A31EF7B45,143,33,-81.0,-70.0,-80.0,-75.0,-47.0,-48.0,-41.0,1.981960702227794,3.1399436242428163,1.8843457282642477,2.340635770471884,1.8319109717981532,1.6512128361723837,2.897212661093985,0.3548830597469532,0.11232574319292608,0.19598182488184937,0.39595176678560606,0.6169284377962125,0.9927307584686538,0.7703190329685368,-7.022719860076904,1.30791962146759,-0.5519667267799377,-7.14,0.84,1.62
1739971735.709854,ble-pd-B43A31EF7B45,144,22,-74.0,-64.0,-81.0,-76.0,,-49.0,-39.0,1.9196017200391529,3.1104997152309,1.780799894553095,2.291437065125978,,2.34048704459659,2.870928877787774,0.3061772056502802,0.1263776796581338,0.18689488621590364,0.4101798047778953,,0.7099151806375186,0.6799332996450265,-6.99031686782837,1.2843232154846191,-0.4323525130748749,-7.14,0.84,1.62
1739971736.723871,ble-pd-B43A31EF7B45,145,1,-74.0,-62.0,-80.0,-68.0,,-51.0,-39.0,1.9680350328877698,3.0601622422028765,1.7563558041716936,2.203738105165233,,2.5012533965415167,2.8447287769759866,0.3027023463494584,0.1597125668911965,0.1832819919468317,0.4088567130588302,,0.480113782182001,0.6935151359175413,-6.959946155548096,1.252575397491455,-0.3447071313858032,-7.14,0.84,1.62
1739971737.711467,ble-pd-B43A31EF7B45,146,5,-78.0,-64.0,-75.0,-69.0,-47.0,-49.0,-36.0,1.9761337057627009,3.018345286766452,1.749711217251946,2.255742717035646,1.825381998113665,2.5416826744198655,2.817889843965629,0.3297167866569497,0.20359059262950346,0.23191594069407262,0.40119822742257577,0.44234671790287133,0.35216658918517496,0.7066039308574987,-6.932169437408447,1.2137233018875122,-0.323734164237976,-7.14,0.84,1.62
1739971738.712485,ble-pd-B43A31EF7B45,147,32,-79.0,-70.0,-80.0,-75.0,-48.0,-48.0,-41.0,1.9111994467999527,3.058981929207753,2.029515171916685,2.28087603350716,1.754617253901346,1.5428738969202442,2.9248703956072974,0.292264252904461,0.16775847588703027,0.28392646145315453,0.35489664186851266,0.5675060559045023,1.0120472749700122,0.7561228459632585,-6.894052505493164,1.1872252225875854,-0.18547658622264862,-7.14,0.84,1.62
1739971739.711982,ble-pd-B43A31EF7B45,148,21,-73.0,-64.0,-77.0,-78.0,-49.0,-50.0,-39.0,1.9149193502105755,3.1253803941378266,1.94061086524657,2.324203533913877,1.7187828029552503,2.2625729499151355,2.870928877787774,0.2939731700864512,0.1760515428767802,0.33714197938171325,0.38355771467799993,0.6489498188772348,0.7024763146098831,0.6799332996450265,-6.84960699081421,1.1643619537353516,-0.05467882752418518,-7.14,0.84,1.62
1739971740.711619,ble-pd-B43A31EF7B45,149,32,-79.0,-69.0,-80.0,-75.0,-48.0,-47.0,-42.0,1.8231745159217818,3.1239779735077913,2.041885022547885,2.271042044865933,1.683022938152465,1.1915436984094887,2.9248703956072974,0.1921480214003554,0.15498983352734766,0.27790964818136576,0.3000217748437528,0.6728225525041819,0.9443116766376711,0.7561228459632585,-6.795811653137207,1.1472023725509644,0.3482113778591156,-7.14,0.84,1.62
1739971741.711346,ble-pd-B43A31EF7B45,150,2,-76.0,-62.0,-80.0,-69.0,-46.0,-50.0,-38.0,1.958224480064136,3.1077630508947345,2.011364131191141,2.255465748282278,1.9807183463787963,2.2845207056253765,2.881816811892183,0.2474986954433715,0.1452967926868135,0.27682848800257764,0.39314938894954293,0.416700695370593,0.8480620790305801,0.733492560746246,-6.74537706375122,1.1242473125457764,0.620412051677704,-7.14,0.84,1.62
1739971742.710849,ble-pd-B43A31EF7B45,151,25,-81.0,-63.0,-76.0,-75.0,,-47.0,,1.8687470611274357,-3.084385290213801,1.909356539325618,2.2003921095716574,,2.471152658574802,,0.3062180185939857,0.13993426816058677,0.2784293640680947,0.3389700397329709,,0.5493236940848617,,,,,-7.14,0.84,1.62
1739971743.713503,ble-pd-B43A31EF7B45,152,0,-74.0,-62.0,-78.0,-68.0,-45.0,-52.0,-40.0,1.9887208703388513,-3.08968737762804,1.9193396649878889,2.1917229875912314,2.0741989608197358,2.5159039595456565,2.8630075414707794,0.22902075169402022,0.17280574871921886,0.3187068126573714,0.3097339238651083,0.29277966791793375,0.37647967735767957,0.7135323484580715,-6.693262100219727,1.10383415222168,0.828227400779724,-7.14,0.84,1.62
1739971744.710864,ble-pd-B43A31EF7B45,153,24,-79.0,-63.0,-77.0,-75.0,-46.0,-48.0,-40.0,1.9507915974617247,-3.082229461311382,1.8761980532252593,2.202266442346855,1.996557163154556,2.5338192857339683,2.8488730176519277,0.26699766186514556,0.14674869817885428,0.3555149945841154,0.32858294582284847,0.5013739587987083,0.30527204333709107,0.6768146602621665,-6.642390727996826,1.0895830392837524,0.888609290122986,-7.14,0.84,1.62
1739971745.709822,ble-pd-B43A31EF7B45,154,28,-81.0,-64.0,-77.0,-76.0,-48.0,-47.0,-42.0,1.9006996678862063,-3.080248335776472,1.8790172755552172,2.2890657864913715,1.91164874787028,2.5069551123275153,2.9050109391193804,0.2792782466655575,0.13174018753960373,0.34810807780233255,0.264478894040419,0.5806390797954708,0.25591622783696677,0.7364164821671345,-6.597254276275635,1.0872963666915894,0.934863805770874,-7.14,0.84,1.62
1739971746.711417,ble-pd-B43A31EF7B45,155,27,,-64.0,-75.0,-77.0,-46.0,-46.0,-40.0,,-3.0449489344757987,1.8926041908045834,2.2791870567438317,1.8889746029206003,2.494376004303801,2.9050109391193804,,0.13150148508214857,0.35130327189918237,0.2550833116488899,0.6124975518133742,0.22488607283792675,0.7364164821671345,-6.554276943206787,1.1113444566726685,0.9580335021018982,-7.14,0.84,1.62
1739971747.711448,ble-pd-B43A31EF7B45,156,13,-72.0,-64.0,-80.0,-67.0,-46.0,-47.0,-37.0,1.9379658136519031,-3.041507864031307,1.854770259094482,2.304542480850258,1.9778146095620615,2.423944831855199,2.7955403459758124,0.30472029008643875,0.16012041336738536,0.4683629503772924,0.2874227924902651,0.46898868760434315,0.21275181238452862,0.7027656857816623,-6.510189056396484,1.1462445259094238,0.9786773920059204,-7.14,0.84,1.62
1739971748.711902,ble-pd-B43A31EF7B45,157,24,-79.0,-63.0,-78.0,-74.0,-46.0,-48.0,-40.0,1.932618186183024,-3.0194262638529152,1.855623535907743,2.18401899518985,1.9210625784540079,2.4790814618576147,2.826931561821651,0.21852679844515835,0.10082092889567579,0.5508522679031383,0.3457242823106026,0.5543129823823437,0.20820303828000894,0.6734597225592042,-6.45495080947876,1.197080373764038,1.0302461385726929,-7.14,0.84,1.62
1739971749.712346,ble-pd-B43A31EF7B45,158,19,-74.0,-64.0,-73.0,-77.0,,,,1.9375450341996707,-3.049696019118865,1.8760084361556457,2.159920583117941,,,,0.24986905861635333,0.08183557805725876,0.588074105326199,0.5048773523462871,,,,,,,-7.14,0.84,1.62
1739971750.711029,ble-pd-B43A31EF7B45,159,17,-73.0,-63.0,-74.0,-69.0,,,,1.9536172113782988,-3.102627411048626,1.8207744751474022,2.231298094022027,,,,0.22459482763366073,0.11379750587984475,0.6189565208009213,0.6928310781220927,,,,,,,-7.14,0.84,1.62
1739971751.711872,ble-pd-B43A31EF7B45,160,27,-85.0,-64.0,-75.0,-77.0,-46.0,-46.0,-40.0,1.8885796217652557,-3.063841132932712,1.804532388291227,2.1818170936005727,1.8897112269403864,2.4790814618576147,2.885759712111481,0.19134584399050986,0.13703380277262467,0.48628788872628875,0.45413191632877686,0.5919481814305055,0.20820303828000894,0.7166160023083606,-6.395590782165527,1.244935154914856,1.0694791078567505,-7.14,0.84,1.62
1739971752.712244,ble-pd-B43A31EF7B45,161,9,-75.0,-66.0,-80.0,-66.0,-46.0,-49.0,-37.0,1.9401991405420436,-3.0922184459280513,1.6756689473611268,2.1903573185842387,1.9723496152134776,2.451017300631591,2.813035958423062,0.18639875594957867,0.1738307161990063,0.5313954792951284,0.408029501934738,0.31690756986330965,0.2594522846818733,0.7231373413087907,-6.3401460647583,1.286827564239502,1.0437850952148438,-7.14,0.84,1.62
1739971753.71282,ble-pd-B43A31EF7B45,162,1,-74.0,-62.0,-81.0,-69.0,-45.0,-51.0,-39.0,1.971905138583873,-3.1123969511914726,1.610163706660666,2.1383271403673607,2.0295463960280364,2.5095803970571757,2.8403815008620334,0.23429971954104573,0.1911862873517005,0.5072839511548508,0.3547063922981401,0.2219159189119121,0.241847616376613,0.7101939358464769,-6.288166522979736,1.320259690284729,1.00416100025177,-7.14,0.84,1.62
1739971754.711953,ble-pd-B43A31EF7B45,163,0,-74.0,-62.0,-78.0,-67.0,,-53.0,,2.024676208216011,-3.1400211222305376,1.5994311674676467,2.056058898501505,,2.5297328053915957,,0.267462416764878,0.16017294421988712,0.4846875619377465,0.33502732960764947,,0.23055073838343612,,-6.199577808380127,1.350912094116211,0.9585242867469788,-7.14,0.84,1.62
1739971755.712657,ble-pd-B43A31EF7B45,164,30,,-66.0,-82.0,-75.0,-47.0,-47.0,-41.0,,-3.1090695977255276,1.7004933371461914,2.1463613647439117,1.9564037459483004,1.5707963266247664,2.9248703956072974,,0.09339091751381488,0.3941067953614264,0.16870860854018643,0.4629519932323717,0.9424777960769379,0.7561228459632585,-6.115363121032715,1.3756526708602905,0.968180477619171,-7.14,0.84,1.62
1739971756.713595,ble-pd-B43A31EF7B45,165,7,,-65.0,-78.0,-66.0,,,,,-3.1133474333845217,1.6931712420451277,2.2511823199849945,,,,,0.13609379845398917,0.4616952938246019,0.21802317803826757,,,,,,,-7.14,0.84,1.62
1739971757.712574,ble-pd-B43A31EF7B45,166,6,,-64.0,-76.0,-67.0,-46.0,-50.0,-37.0,,3.0971354402486644,1.6728087123503819,2.1645118728372377,1.908224143763423,2.2691302745192274,2.8542800702861935,,0.20815060685074846,0.536435012315399,0.19789046250083872,0.30943255086140614,0.7244289778691836,0.7470515039329293,-6.043863773345947,1.387102484703064,0.9203604459762573,-7.14,0.84,1.62
1739971758.712337,ble-pd-B43A31EF7B45,167,5,,-64.0,-74.0,-68.0,-46.0,-49.0,-36.0,,3.07144925153485,1.6471757868583692,1.6538869528053688,1.8370570595171694,2.483431189633525,2.8403815008620334,,0.21960476283063837,0.45610528540701195,0.12505234921927746,0.37194288316880514,0.5697634249967738,0.7101939358464769,-5.981180667877197,1.386309027671814,0.8497102856636047,-7.14,0.84,1.62
1739971759.713263,ble-pd-B43A31EF7B45,168,15,,-64.0,-76.0,-68.0,-46.0,-49.0,-38.0,,3.0702178058467977,1.642704872020344,1.6623249124031758,1.9644317897580381,2.4217116668648098,2.7618597395101068,,0.18213811432437224,0.4571589650923018,0.1825434807317959,0.3547214659074198,0.36585666641605774,0.662006642193798,-5.92575740814209,1.3708902597427368,0.7388404607772827,-7.14,0.84,1.62
1739971760.710159,ble-pd-B43A31EF7B45,169,0,-74.0,-62.0,-79.0,-68.0,-46.0,-52.0,-40.0,2.0608014557707177,3.0420724541824042,1.6286732088689346,0.8832453650080496,2.0384055906498566,2.480266287731932,2.8004383401427737,0.41148944753345534,0.20961201649892944,0.5017233706673062,0.2515307379785083,0.24484382448396916,0.2941492665710268,0.6863324958635788,-5.872008800506592,1.342117190361023,0.5413323640823364,-7.14,0.84,1.62
1739971761.713497,ble-pd-B43A31EF7B45,170,26,-85.0,-63.0,-75.0,-76.0,-45.0,-46.0,-40.0,2.013313565109079,3.12750293352662,1.6636202739573904,1.9719935555320636,1.9947592976643502,2.489234513742728,2.8447287769759866,0.3953046186407168,0.14340117126765192,0.45149671843014344,0.29033732269773416,0.4285598380358427,0.25268025516194503,0.6935151359175413,-5.848506927490234,1.304948329925537,0.385075718164444,-7.14,0.84,1.62
1739971762.711024,ble-pd-B43A31EF7B45,171,33,-81.0,-70.0,-80.0,-75.0,,,,1.991900684680406,3.126963909721988,1.8906148094702944,2.2468142031650467,,,,0.33768043726461366,0.13971422447551898,0.4953732627850941,0.26916705624436726,,,,,,,-7.14,0.84,1.62
1739971763.711809,ble-pd-B43A31EF7B45,172,15,-73.0,-64.0,-75.0,-68.0,-46.0,-49.0,-38.0,1.9981292858378832,-3.131477168821345,1.7846423033738612,2.2267819054454705,2.0505954966963436,2.441516907407209,2.783418704755755,0.2834791835480757,0.1274401311302641,0.518546359536255,0.3136405481576591,0.39390529411419856,0.21588345326478597,0.6660526108337729,-5.83531951904297,1.2686017751693726,0.26263323426246643,-7.14,0.84,1.62
1739971764.712644,ble-pd-B43A31EF7B45,173,11,-73.0,-64.0,-79.0,,-46.0,-46.0,-37.0,2.025549192421339,-3.1079228405601396,1.6779491458864528,,2.0259488821270897,2.441516907407209,2.7077019554827597,0.3238781055725736,0.16157807794528337,0.5195299980848758,,0.22961673041057068,0.21588345326478597,0.6850031072911588,-5.77576780319214,1.2416737079620361,0.1864372342824936,-7.14,0.84,1.62
1739971765.710609,ble-pd-B43A31EF7B45,174,32,-80.0,-69.0,-80.0,,-47.0,,-42.0,1.8914004419918677,-3.0973064151906473,1.8338527266285634,,1.9314771878171608,,2.8733238124210754,0.34538529519334915,0.11573012027102321,0.523360755575873,,0.4820447900672172,,0.7671901029853045,-5.705126762390137,1.2223174571990967,-0.12110938131809235,-7.14,0.84,1.62
1739971766.726504,ble-pd-B43A31EF7B45,175,33,-81.0,-70.0,-80.0,,-47.0,,-41.0,1.6821441572355456,-3.0712026428179087,1.9979433971937957,,1.825510509948345,,2.917421418176991,0.4222118001353051,0.10024606892962538,0.41014282012825676,,0.5808620509954232,,0.7901850882815166,-5.725120544433594,1.201634168624878,-0.26771053671836853,-7.14,0.84,1.62
1739971767.71304,ble-pd-B43A31EF7B45,176,24,-79.0,-63.0,-78.0,,,,,1.6292559085154439,-3.0061828963841695,2.001317089662708,,,,,0.408956515020681,0.10016953633779924,0.451514827925556,,,,,,,,-7.14,0.84,1.62
1739971768.715777,ble-pd-B43A31EF7B45,177,15,-72.0,,,,-46.0,,,1.789745985286889,,,,1.9787228528130267,,,0.4589893224199996,,,,0.5835339435234018,,,,,,-7.14,0.84,1.62
1739971769.711177,ble-pd-B43A31EF7B45,178,23,-75.0,-64.0,-81.0,,,,-39.0,1.7729611462005557,-3.0151971640418695,1.9778045730306164,,,,2.8895147931057394,0.5053233652498481,0.11771502416572971,0.4248442682938212,,,,0.699722445259044,,,,-7.14,0.84,1.62
1739971770.710681,ble-pd-B43A31EF7B45,179,20,-74.0,-66.0,-74.0,-79.0,-50.0,-51.0,-39.0,1.873966856863991,-3.0331692403421604,1.8534179058929396,2.270761880319257,1.8753495656334649,2.461480794511486,2.8351571003707265,0.49157582809723643,0.1165932591026963,0.37969516570148987,0.27211956978688356,0.6384883776224829,0.2053932815715016,0.640222257473007,-5.741235256195068,1.1868022680282593,-0.4449329972267151,-7.14,0.84,1.62
1739971771.710747,ble-pd-B43A31EF7B45,180,33,-81.0,-71.0,-80.0,-75.0,,,,1.794410245620054,-3.0215879517097326,2.015869667123337,2.3232085769306234,,,,0.47065147128102475,0.11768731896801447,0.3124376981618112,0.28985868607081966,,,,,,,-7.14,0.84,1.62
1739971772.712982,ble-pd-B43A31EF7B45,181,26,-85.0,-64.0,-75.0,-77.0,-46.0,-47.0,-41.0,1.7580655535915244,-2.9909600012771675,1.9676749735083912,2.286683855212405,1.8889746029206003,2.461480794511486,2.8746129653319152,0.45880656299019296,0.11704382434724568,0.3044105311621489,0.19080032873072078,0.6124975518133742,0.2053932815715016,0.663106792028618,-5.741793155670166,1.1919841766357422,-0.372844249010086,-7.14,0.84,1.62
1739971773.710149,ble-pd-B43A31EF7B45,182,24,-78.0,-65.0,-78.0,-75.0,,,,1.712145199547506,-3.0005495117303247,1.9632839535030684,2.295562301654511,,,,0.43832618841721105,0.1158075849692309,0.23443632306020998,0.1455462643019267,,,,,,,-7.14,0.84,1.62
1739971774.712383,ble-pd-B43A31EF7B45,183,21,-74.0,-66.0,-77.0,-78.0,-48.0,-50.0,-39.0,1.7982521218086023,-3.0410830898374397,1.9258452348987345,2.2847855539873962,1.8059705273075657,2.4790814618576147,2.8389879675944223,0.40501353857925054,0.12464991228905285,0.31903887555579064,0.20059786535452692,0.6823832862622375,0.20820303828000894,0.6235719058624987,-5.736876010894775,1.21192729473114,-0.25967487692832947,-7.14,0.84,1.62
1739971775.710896,ble-pd-B43A31EF7B45,184,16,-73.0,-66.0,-75.0,-68.0,-46.0,-49.0,-34.0,1.8634548274092302,-3.0727051983049316,1.8448196239975096,2.3989675204601077,1.9996448002846812,2.4439009458015954,2.7759870179647343,0.34604778980402,0.12442091372481967,0.4680565869833924,0.244161954334584,0.47438892248758824,0.202521746209891,0.6132381177600011,-5.72584867477417,1.242745041847229,-0.14221812784671783,-7.14,0.84,1.62
1739971776.713163,ble-pd-B43A31EF7B45,185,8,-76.0,-66.0,-78.0,-66.0,-45.0,-50.0,-37.0,1.9151345336266539,-3.123268773709503,1.7901337415416045,2.476666310527605,2.0059575385732207,2.4063967553456465,2.778496883748558,0.313472602561416,0.1814027489683741,0.402352008675339,0.20021132416705872,0.26721493773973654,0.20955653115050962,0.6823832863064956,-5.7247467041015625,1.2779840230941772,0.03184986859560013,-7.14,0.84,1.62
1739971777.712713,ble-pd-B43A31EF7B45,186,13,-72.0,-64.0,-78.0,-67.0,,,,1.960882847464253,-3.1090893051175943,1.7691224658053155,2.4374539266372786,,,,0.2372903162871502,0.16071990757351895,0.5861624217167128,0.2257909864372698,,,,,,,-7.14,0.84,1.62
1739971778.714952,ble-pd-B43A31EF7B45,187,27,-85.0,-65.0,-75.0,-77.0,-46.0,-46.0,-40.0,1.8937605353498959,-3.0667556964296945,1.8056455896268802,2.265390284400567,1.9722281108161996,2.441516907407209,2.8630075414707794,0.25680902339050443,0.14936217466984675,0.5469926151143137,0.1371075057557926,0.4495657862688741,0.21588345326478597,0.7135323484580715,-5.697303295135498,1.3144177198410034,0.21193890273571014,-7.14,0.84,1.62
1739971779.712402,ble-pd-B43A31EF7B45,188,22,-74.0,-64.0,-81.0,-77.0,-47.0,-49.0,-39.0,1.8808047892788784,-3.0524284223972864,1.7779002447582166,2.2692955438230595,1.8889746029206003,2.4790814618576147,2.83114134640392,0.22132110357416718,0.2018250166953218,0.485428320194952,0.19629702664161708,0.6124975518133742,0.20820303828000894,0.6568519537401133,-5.6694655418396,1.3481976985931396,0.346648633480072,-7.14,0.84,1.62
1739971780.711623,ble-pd-B43A31EF7B45,189,20,-74.0,-66.0,-74.0,-79.0,-50.0,-50.0,-39.0,1.856525814885062,-3.058458085421335,1.7737292018589346,2.3283868273541737,1.837473544321005,2.4967028026799016,2.817885513986583,0.31314436795706374,0.20461084964311282,0.46975887955217105,0.22451331825954748,0.6532464082575923,0.21095007257316042,0.6203361015884801,-5.69400930404663,1.3766010999679565,0.48652154207229614,-7.14,0.84,1.62
1739971781.711677,ble-pd-B43A31EF7B45,190,7,-78.0,-65.0,-78.0,-66.0,,,-37.0,1.9346208833227636,-3.112411864893577,1.7473713639182022,2.361348239533866,,,2.783418704755755,0.2983724791806667,0.24758609706139653,0.5153555929447174,0.20055620352822398,,,0.6660526108337729,,,,-7.14,0.84,1.62
1739971782.713612,ble-pd-B43A31EF7B45,191,21,-74.0,-64.0,-77.0,-77.0,-48.0,-50.0,-39.0,1.919072283614445,-3.065426246413527,1.7540958456706524,2.3922126786712306,1.778075349145803,2.4967028026799016,2.813825099091688,0.28650097256844775,0.21486689938284653,0.5421089103073264,0.26282150902552187,0.6900442017509127,0.21095007257316042,0.6368716902616456,-5.76956033706665,1.402750015258789,0.74539053440094,-7.14,0.84,1.62
1739971783.712861,ble-pd-B43A31EF7B45,192,6,-79.0,-64.0,-76.0,,-46.0,-50.0,-37.0,2.0032244456354227,3.1375995098513285,1.6778042699231523,,1.8626478537660087,2.5095803970571757,2.8051113181107854,0.3159873922892642,0.14594122773634224,0.4942553676280197,,0.4623315133579266,0.241847616376613,0.6698713625273126,-5.796826362609863,1.4308111667633057,0.883066475391388,-7.14,0.84,1.62
1739971784.713503,ble-pd-B43A31EF7B45,193,10,-75.0,-67.0,-80.0,,-47.0,-48.0,-38.0,2.060234202458531,3.1231390777644163,1.644619684844111,,1.9377289560325688,2.476732636366056,2.7512964481357045,0.328164296899488,0.2320082858048711,0.30049382014696935,,0.2732769490027095,0.22195161283894818,0.6943587341267776,-5.82947826385498,1.4489432573318481,1.0252989530563354,-7.14,0.84,1.62
1739971785.712992,ble-pd-B43A31EF7B45,194,21,-74.0,-66.0,-77.0,,-48.0,-50.0,-39.0,1.991672185458877,3.132534177457998,1.6995724160412422,,1.9051508425051924,2.476732636366056,2.7881169260089846,0.2190686352136918,0.1610284847200751,0.45869154772061516,,0.4998818759504096,0.22195161283894818,0.649692506372914,-5.876640796661377,1.4499956369400024,0.964109182357788,-7.14,0.84,1.62
1739971786.711815,ble-pd-B43A31EF7B45,195,21,-74.0,-65.0,-77.0,,,,,1.9368057406810646,-3.123258387381252,1.7020709937759544,,,,,0.25851447846307757,0.18714607224096855,0.529504568342145,,,,,,,,-7.14,0.84,1.62
1739971787.713265,ble-pd-B43A31EF7B45,196,23,-75.0,-64.0,-81.0,,,,-39.0,1.891171410138121,-3.094530602386458,1.7012065316861147,,,,2.813825099091688,0.19674129184571273,0.1316749317705184,0.49557253381365923,,,,0.6368716902616456,,,,-7.14,0.84,1.62
1739971788.713148,ble-pd-B43A31EF7B45,197,27,,-64.0,-75.0,-78.0,,,,,-3.055080664526896,1.726794716071814,2.2834949861231437,,,,,0.10233301350597394,0.4343826127645354,0.559883679660356,,,,,,,-7.14,0.84,1.62
1739971789.71328,ble-pd-B43A31EF7B45,198,11,-74.0,-64.0,-79.0,-66.0,-46.0,-46.0,-35.0,1.9191782774258301,-3.0817764576099593,1.694697233349743,2.259597376397427,1.9723637339311773,2.4439009458015954,2.735053443990746,0.2536236663449311,0.10864299920188841,0.47397739329788385,0.524601955091418,0.28643579606058694,0.202521746209891,0.673786174549319,-5.928925037384033,1.4454171657562256,0.872369945049286,-7.14,0.84,1.62
1739971790.711181,ble-pd-B43A31EF7B45,199,0,-74.0,-63.0,-78.0,-68.0,-46.0,-51.0,-39.0,1.9935262782097902,-3.1066466537657735,1.6867498280247286,2.1890039001182604,2.0330106504708527,2.5143446453450657,2.7955403459758124,0.2562154047835258,0.07070466325467722,0.48160322192127125,0.5357406596401881,0.21415985289322118,0.21363345767176245,0.7027656857816623,-5.984553337097168,1.437935709953308,0.8117095828056335,-7.14,0.84,1.62
1739971791.711947,ble-pd-B43A31EF7B45,200,19,-74.0,-67.0,-73.0,-77.0,,-51.0,-38.0,1.9719195196537593,-3.083616701923204,1.7167253039902244,2.2461255097071517,,2.5450452532784213,2.7926019650980978,0.29440024125675907,0.07410547003243796,0.4709816366771673,0.5839504666943203,,0.24772964016290563,0.633304662021055,-6.04478645324707,1.4348845481872559,0.806421458721161,-7.14,0.84,1.62
1739971792.714837,ble-pd-B43A31EF7B45,201,22,-74.0,-66.0,-81.0,-76.0,,-49.0,-39.0,1.9046576578982821,-3.0745888521439446,1.7476382126594283,2.2628799887570583,,2.5297328053915957,2.7968835396221294,0.303039369385408,0.09045468254346165,0.40971471698302653,0.6061465827995857,,0.23055073838343612,0.6168906585122679,-6.121653079986572,1.4333561658859253,0.7100214958190918,-7.14,0.84,1.62
1739971793.712506,ble-pd-B43A31EF7B45,202,24,-79.0,-65.0,-77.0,-74.0,-46.0,-48.0,-40.0,1.8677941820894053,-3.0330432728225993,1.816028189452663,2.303000510579102,1.9937207119395735,2.5297328053915957,2.7968835396221294,0.2568989050772946,0.1164910436511077,0.4348387789697523,0.5522953683188251,0.4549139777963766,0.23055073838343612,0.6168906585122679,-6.206385135650635,1.435436487197876,0.591368556022644,-7.14,0.84,1.62
1739971794.713178,ble-pd-B43A31EF7B45,203,36,-93.0,-73.0,-83.0,-74.0,,,,1.873190811722342,-3.019718412624497,1.9845540884973134,2.3426757518668846,,,,0.214191205480023,0.12171984420109881,0.32105788455720696,0.5137574632640746,,,,,,,-7.14,0.84,1.62
1739971795.711075,ble-pd-B43A31EF7B45,204,32,-79.0,-71.0,-80.0,-76.0,-47.0,-48.0,-41.0,1.8342740387130139,-3.0294187105790016,2.041406718816107,2.372796636427899,1.8581301326064126,1.6244851933380517,2.9086292993751015,0.1910009479845878,0.11649741859296707,0.3728444834028836,0.47772742371833804,0.5668395205162754,0.9939003058813273,0.719441929838175,-6.290398597717285,1.443021535873413,0.5398588180541992,-7.14,0.84,1.62
1739971796.710911,ble-pd-B43A31EF7B45,205,24,-79.0,-65.0,-78.0,-74.0,,,,1.7797122595639066,-3.1123279753192397,2.0215411349807697,2.392151425966159,,,,0.2514699013923568,0.09749892671904617,0.33198912885705983,0.42524790364653636,,,,,,,-7.14,0.84,1.62
1739971797.712143,ble-pd-B43A31EF7B45,206,0,-74.0,-62.0,-78.0,-67.0,-46.0,-51.0,-40.0,1.9590484621054065,-3.1407950368433144,1.9953095308757074,2.3922116134067943,2.0324219587899424,2.34048704459659,2.8630075414707794,0.3370285287192759,0.11777634344982878,0.37329439117953894,0.5402925345753515,0.3576642181576923,0.7099151806375186,0.7135323484580715,-6.347084045410156,1.445793867111206,0.6020987033843994,-7.14,0.84,1.62
1739971798.712013,ble-pd-B43A31EF7B45,207,6,-78.0,-65.0,-77.0,,-46.0,-50.0,-37.0,2.12237906649553,3.1018865196333656,1.846276373113783,,1.9138819331868542,2.4771011206248374,2.8358202271305837,0.333008154158665,0.15191486450895814,0.38201021834758214,,0.2751110184986548,0.48813399242998406,0.7268496725566863,-6.39965057373047,1.4469722509384155,0.5147693753242493,-7.14,0.84,1.62
1739971799.712106,ble-pd-B43A31EF7B45,208,14,-73.0,-64.0,-77.0,,,-48.0,-38.0,2.0820593402239482,3.119378694305224,1.599071640720486,,,2.4163317481372695,2.7512964481357045,0.3400976887175377,0.18184065587536719,0.5124567088086526,,,0.3216092814380589,0.6943587341267776,-6.44886302947998,1.4478881359100342,0.43883052468299866,-7.14,0.84,1.62
1739971800.711324,ble-pd-B43A31EF7B45,209,19,-74.0,-66.0,-73.0,,,,,2.0102647782931564,-3.1385502583604867,1.616150492791164,,,,,0.4236759728131171,0.19160813206836907,0.5494013444517496,,,,,,,,-7.14,0.84,1.62
1739971801.714964,ble-pd-B43A31EF7B45,210,36,-91.0,-74.0,-82.0,,-50.0,-49.0,-41.0,2.0333527870474892,3.1362945609171895,1.7029908496164678,,1.8667226843619935,2.491292751634734,2.897212661093985,0.43101497898710295,0.1650607269922936,0.5855741960109416,,0.5016669122171074,0.32580147616927574,0.7703190329685368,-6.49176025390625,1.4480626583099365,0.399820864200592,-7.14,0.84,1.62
1739971802.71316,ble-pd-B43A31EF7B45,211,32,-79.0,-70.0,-80.0,,-47.0,-47.0,-41.0,1.6995404581081612,3.140971071791369,1.7299766609422407,,1.772727037745933,1.5439284444284078,2.9419707068099914,0.26011510485724243,0.10319334769612404,0.5599442665751553,,0.5805858376087771,0.9946031870738007,0.7928256221391485,-6.527138710021973,1.444859504699707,0.30266207456588745,-7.14,0.84,1.62
1739971803.714885,ble-pd-B43A31EF7B45,212,36,,-73.0,-82.0,-74.0,,-49.0,-41.0,,-3.095200920032831,1.812362614528278,2.3799365713104015,,0.8351652292205858,2.988683487176885,,0.1112091463268831,0.4746481104184203,0.4885792725281929,,0.7457170652719043,0.8144485554274669,,,,-7.14,0.84,1.62
